<?xml version="1.0" encoding="UTF-8"?>
<project-private xmlns="http://www.netbeans.org/ns/project-private/1">
    <data xmlns="http://www.netbeans.org/ns/make-project-private/1">
        <activeConfTypeElem>1</activeConfTypeElem>
        <activeConfIndexElem>0</activeConfIndexElem>
    </data>
    <editor-bookmarks xmlns="http://www.netbeans.org/ns/editor-bookmarks/2" lastBookmarkId="0"/>
    <open-files xmlns="http://www.netbeans.org/ns/projectui-open-files/2">
        <group>
            <file>file:/C:/Users/Andrew/Downloads/CSC-17C%20SPR25/CSC-17C%20Proj%201/Project1_V7/PlayerClass.h</file>
            <file>file:/C:/Users/Andrew/Downloads/CSC-17C%20SPR25/CSC-17C%20Proj%201/Project1_V7/main.cpp</file>
            <file>file:/C:/Users/Andrew/Downloads/CSC-17C%20SPR25/CSC-17C%20Proj%201/Project1_V7/Record.cpp</file>
            <file>file:/C:/Users/Andrew/Downloads/CSC-17C%20SPR25/CSC-17C%20Proj%201/Project1_V7/BlackJack.h</file>
            <file>file:/C:/Users/Andrew/Downloads/CSC-17C%20SPR25/CSC-17C%20Proj%201/Project1_V7/CardClass.cpp</file>
            <file>file:/C:/Users/Andrew/Downloads/CSC-17C%20SPR25/CSC-17C%20Proj%201/Project1_V7/DeckClass.cpp</file>
            <file>file:/C:/Users/Andrew/Downloads/CSC-17C%20SPR25/CSC-17C%20Proj%201/Project1_V7/CardClass.h</file>
            <file>file:/C:/Users/Andrew/Downloads/CSC-17C%20SPR25/CSC-17C%20Proj%201/Project1_V7/Record.h</file>
            <file>file:/C:/Users/Andrew/Downloads/CSC-17C%20SPR25/CSC-17C%20Proj%201/Project1_V7/BlackJack.cpp</file>
            <file>file:/C:/Users/Andrew/Downloads/CSC-17C%20SPR25/CSC-17C%20Proj%201/Project1_V7/Deck.h</file>
        </group>
    </open-files>
</project-private>
